{
  "ABIRoot": {
    "kind": "Root",
    "name": "TopLevel",
    "printedName": "TopLevel",
    "children": [
      {
        "kind": "Import",
        "name": "RxSwift",
        "printedName": "RxSwift",
        "declKind": "Import",
        "moduleName": "Core",
        "declAttributes": [
          "RawDocComment"
        ]
      },
      {
        "kind": "Import",
        "name": "RxCocoa",
        "printedName": "RxCocoa",
        "declKind": "Import",
        "moduleName": "Core"
      },
      {
        "kind": "TypeDecl",
        "name": "ActivityIndicator",
        "printedName": "ActivityIndicator",
        "children": [
          {
            "kind": "Constructor",
            "name": "init",
            "printedName": "init()",
            "children": [
              {
                "kind": "TypeNominal",
                "name": "ActivityIndicator",
                "printedName": "Core.ActivityIndicator",
                "usr": "s:4Core17ActivityIndicatorC"
              }
            ],
            "declKind": "Constructor",
            "usr": "s:4Core17ActivityIndicatorCACycfc",
            "mangledName": "$s4Core17ActivityIndicatorCACycfc",
            "moduleName": "Core",
            "declAttributes": [
              "AccessControl"
            ],
            "init_kind": "Designated"
          },
          {
            "kind": "Function",
            "name": "asSharedSequence",
            "printedName": "asSharedSequence()",
            "children": [
              {
                "kind": "TypeNominal",
                "name": "SharedSequence",
                "printedName": "RxCocoa.SharedSequence<RxCocoa.DriverSharingStrategy, Swift.Bool>",
                "children": [
                  {
                    "kind": "TypeNominal",
                    "name": "DriverSharingStrategy",
                    "printedName": "RxCocoa.DriverSharingStrategy",
                    "usr": "s:7RxCocoa21DriverSharingStrategyV"
                  },
                  {
                    "kind": "TypeNominal",
                    "name": "Bool",
                    "printedName": "Swift.Bool",
                    "usr": "s:Sb"
                  }
                ],
                "usr": "s:7RxCocoa14SharedSequenceV"
              }
            ],
            "declKind": "Func",
            "usr": "s:4Core17ActivityIndicatorC16asSharedSequence7RxCocoa0eF0VyAE21DriverSharingStrategyVSbGyF",
            "mangledName": "$s4Core17ActivityIndicatorC16asSharedSequence7RxCocoa0eF0VyAE21DriverSharingStrategyVSbGyF",
            "moduleName": "Core",
            "declAttributes": [
              "AccessControl"
            ],
            "funcSelfKind": "NonMutating"
          }
        ],
        "declKind": "Class",
        "usr": "s:4Core17ActivityIndicatorC",
        "mangledName": "$s4Core17ActivityIndicatorC",
        "moduleName": "Core",
        "declAttributes": [
          "AccessControl"
        ],
        "conformances": [
          {
            "kind": "Conformance",
            "name": "SharedSequenceConvertibleType",
            "printedName": "SharedSequenceConvertibleType",
            "children": [
              {
                "kind": "TypeWitness",
                "name": "SharingStrategy",
                "printedName": "SharingStrategy",
                "children": [
                  {
                    "kind": "TypeNominal",
                    "name": "DriverSharingStrategy",
                    "printedName": "RxCocoa.DriverSharingStrategy",
                    "usr": "s:7RxCocoa21DriverSharingStrategyV"
                  }
                ]
              }
            ],
            "usr": "s:7RxCocoa29SharedSequenceConvertibleTypeP",
            "mangledName": "$s7RxCocoa29SharedSequenceConvertibleTypeP"
          },
          {
            "kind": "Conformance",
            "name": "ObservableConvertibleType",
            "printedName": "ObservableConvertibleType",
            "children": [
              {
                "kind": "TypeWitness",
                "name": "Element",
                "printedName": "Element",
                "children": [
                  {
                    "kind": "TypeNominal",
                    "name": "Bool",
                    "printedName": "Swift.Bool",
                    "usr": "s:Sb"
                  }
                ]
              }
            ],
            "usr": "s:7RxSwift25ObservableConvertibleTypeP",
            "mangledName": "$s7RxSwift25ObservableConvertibleTypeP"
          }
        ]
      },
      {
        "kind": "Import",
        "name": "Foundation",
        "printedName": "Foundation",
        "declKind": "Import",
        "moduleName": "Core",
        "declAttributes": [
          "RawDocComment"
        ]
      },
      {
        "kind": "TypeDecl",
        "name": "AppTabbarProtocol",
        "printedName": "AppTabbarProtocol",
        "children": [
          {
            "kind": "Function",
            "name": "showTabBar",
            "printedName": "showTabBar()",
            "children": [
              {
                "kind": "TypeNominal",
                "name": "Void",
                "printedName": "()"
              }
            ],
            "declKind": "Func",
            "usr": "s:4Core17AppTabbarProtocolP10showTabBaryyF",
            "mangledName": "$s4Core17AppTabbarProtocolP10showTabBaryyF",
            "moduleName": "Core",
            "genericSig": "<τ_0_0 where τ_0_0 : Core.AppTabbarProtocol>",
            "sugared_genericSig": "<Self where Self : Core.AppTabbarProtocol>",
            "protocolReq": true,
            "reqNewWitnessTableEntry": true,
            "funcSelfKind": "NonMutating"
          },
          {
            "kind": "Function",
            "name": "hideTabBar",
            "printedName": "hideTabBar()",
            "children": [
              {
                "kind": "TypeNominal",
                "name": "Void",
                "printedName": "()"
              }
            ],
            "declKind": "Func",
            "usr": "s:4Core17AppTabbarProtocolP10hideTabBaryyF",
            "mangledName": "$s4Core17AppTabbarProtocolP10hideTabBaryyF",
            "moduleName": "Core",
            "genericSig": "<τ_0_0 where τ_0_0 : Core.AppTabbarProtocol>",
            "sugared_genericSig": "<Self where Self : Core.AppTabbarProtocol>",
            "protocolReq": true,
            "reqNewWitnessTableEntry": true,
            "funcSelfKind": "NonMutating"
          },
          {
            "kind": "Function",
            "name": "isTabBarShowing",
            "printedName": "isTabBarShowing()",
            "children": [
              {
                "kind": "TypeNominal",
                "name": "Bool",
                "printedName": "Swift.Bool",
                "usr": "s:Sb"
              }
            ],
            "declKind": "Func",
            "usr": "s:4Core17AppTabbarProtocolP15isTabBarShowingSbyF",
            "mangledName": "$s4Core17AppTabbarProtocolP15isTabBarShowingSbyF",
            "moduleName": "Core",
            "genericSig": "<τ_0_0 where τ_0_0 : Core.AppTabbarProtocol>",
            "sugared_genericSig": "<Self where Self : Core.AppTabbarProtocol>",
            "protocolReq": true,
            "reqNewWitnessTableEntry": true,
            "funcSelfKind": "NonMutating"
          }
        ],
        "declKind": "Protocol",
        "usr": "s:4Core17AppTabbarProtocolP",
        "mangledName": "$s4Core17AppTabbarProtocolP",
        "moduleName": "Core",
        "genericSig": "<τ_0_0 : AnyObject>",
        "sugared_genericSig": "<Self : AnyObject>",
        "declAttributes": [
          "AccessControl"
        ]
      },
      {
        "kind": "Import",
        "name": "Foundation",
        "printedName": "Foundation",
        "declKind": "Import",
        "moduleName": "Core",
        "declAttributes": [
          "RawDocComment"
        ]
      },
      {
        "kind": "TypeDecl",
        "name": "View",
        "printedName": "View",
        "children": [
          {
            "kind": "AssociatedType",
            "name": "ViewModel",
            "printedName": "ViewModel",
            "declKind": "AssociatedType",
            "usr": "s:4Core4ViewP0B5ModelQa",
            "mangledName": "$s4Core4ViewP0B5ModelQa",
            "moduleName": "Core",
            "protocolReq": true
          },
          {
            "kind": "Var",
            "name": "viewModel",
            "printedName": "viewModel",
            "children": [
              {
                "kind": "TypeNominal",
                "name": "ImplicitlyUnwrappedOptional",
                "printedName": "τ_0_0.ViewModel?",
                "children": [
                  {
                    "kind": "TypeNominal",
                    "name": "DependentMember",
                    "printedName": "τ_0_0.ViewModel"
                  }
                ],
                "usr": "s:Sq"
              }
            ],
            "declKind": "Var",
            "usr": "s:4Core4ViewP9viewModel0bD0QzSgvp",
            "mangledName": "$s4Core4ViewP9viewModel0bD0QzSgvp",
            "moduleName": "Core",
            "protocolReq": true,
            "accessors": [
              {
                "kind": "Accessor",
                "name": "Get",
                "printedName": "Get()",
                "children": [
                  {
                    "kind": "TypeNominal",
                    "name": "ImplicitlyUnwrappedOptional",
                    "printedName": "τ_0_0.ViewModel?",
                    "children": [
                      {
                        "kind": "TypeNominal",
                        "name": "DependentMember",
                        "printedName": "τ_0_0.ViewModel"
                      }
                    ],
                    "usr": "s:Sq"
                  }
                ],
                "declKind": "Accessor",
                "usr": "s:4Core4ViewP9viewModel0bD0QzSgvg",
                "mangledName": "$s4Core4ViewP9viewModel0bD0QzSgvg",
                "moduleName": "Core",
                "genericSig": "<τ_0_0 where τ_0_0 : Core.View>",
                "sugared_genericSig": "<Self where Self : Core.View>",
                "protocolReq": true,
                "reqNewWitnessTableEntry": true,
                "accessorKind": "get"
              },
              {
                "kind": "Accessor",
                "name": "Set",
                "printedName": "Set()",
                "children": [
                  {
                    "kind": "TypeNominal",
                    "name": "Void",
                    "printedName": "()"
                  },
                  {
                    "kind": "TypeNominal",
                    "name": "ImplicitlyUnwrappedOptional",
                    "printedName": "τ_0_0.ViewModel?",
                    "children": [
                      {
                        "kind": "TypeNominal",
                        "name": "DependentMember",
                        "printedName": "τ_0_0.ViewModel"
                      }
                    ],
                    "usr": "s:Sq"
                  }
                ],
                "declKind": "Accessor",
                "usr": "s:4Core4ViewP9viewModel0bD0QzSgvs",
                "mangledName": "$s4Core4ViewP9viewModel0bD0QzSgvs",
                "moduleName": "Core",
                "genericSig": "<τ_0_0 where τ_0_0 : Core.View>",
                "sugared_genericSig": "<Self where Self : Core.View>",
                "protocolReq": true,
                "reqNewWitnessTableEntry": true,
                "accessorKind": "set"
              },
              {
                "kind": "Accessor",
                "name": "Modify",
                "printedName": "Modify()",
                "children": [
                  {
                    "kind": "TypeNominal",
                    "name": "Void",
                    "printedName": "()"
                  }
                ],
                "declKind": "Accessor",
                "usr": "s:4Core4ViewP9viewModel0bD0QzSgvM",
                "mangledName": "$s4Core4ViewP9viewModel0bD0QzSgvM",
                "moduleName": "Core",
                "genericSig": "<τ_0_0 where τ_0_0 : Core.View>",
                "sugared_genericSig": "<Self where Self : Core.View>",
                "protocolReq": true,
                "implicit": true,
                "reqNewWitnessTableEntry": true,
                "accessorKind": "_modify"
              }
            ]
          },
          {
            "kind": "Function",
            "name": "setupUI",
            "printedName": "setupUI()",
            "children": [
              {
                "kind": "TypeNominal",
                "name": "Void",
                "printedName": "()"
              }
            ],
            "declKind": "Func",
            "usr": "s:4Core4ViewP7setupUIyyF",
            "mangledName": "$s4Core4ViewP7setupUIyyF",
            "moduleName": "Core",
            "genericSig": "<τ_0_0 where τ_0_0 : Core.View>",
            "sugared_genericSig": "<Self where Self : Core.View>",
            "protocolReq": true,
            "declAttributes": [
              "RawDocComment"
            ],
            "reqNewWitnessTableEntry": true,
            "funcSelfKind": "NonMutating"
          },
          {
            "kind": "Function",
            "name": "bind",
            "printedName": "bind(viewModel:)",
            "children": [
              {
                "kind": "TypeNominal",
                "name": "Void",
                "printedName": "()"
              },
              {
                "kind": "TypeNominal",
                "name": "DependentMember",
                "printedName": "τ_0_0.ViewModel"
              }
            ],
            "declKind": "Func",
            "usr": "s:4Core4ViewP4bind9viewModely0bE0Qz_tF",
            "mangledName": "$s4Core4ViewP4bind9viewModely0bE0Qz_tF",
            "moduleName": "Core",
            "genericSig": "<τ_0_0 where τ_0_0 : Core.View>",
            "sugared_genericSig": "<Self where Self : Core.View>",
            "protocolReq": true,
            "declAttributes": [
              "RawDocComment"
            ],
            "reqNewWitnessTableEntry": true,
            "funcSelfKind": "NonMutating"
          },
          {
            "kind": "Function",
            "name": "bindInputs",
            "printedName": "bindInputs()",
            "children": [
              {
                "kind": "TypeNominal",
                "name": "Void",
                "printedName": "()"
              }
            ],
            "declKind": "Func",
            "usr": "s:4Core4ViewP10bindInputsyyF",
            "mangledName": "$s4Core4ViewP10bindInputsyyF",
            "moduleName": "Core",
            "genericSig": "<τ_0_0 where τ_0_0 : Core.View>",
            "sugared_genericSig": "<Self where Self : Core.View>",
            "protocolReq": true,
            "declAttributes": [
              "RawDocComment"
            ],
            "reqNewWitnessTableEntry": true,
            "funcSelfKind": "NonMutating"
          },
          {
            "kind": "Function",
            "name": "bindOutputs",
            "printedName": "bindOutputs()",
            "children": [
              {
                "kind": "TypeNominal",
                "name": "Void",
                "printedName": "()"
              }
            ],
            "declKind": "Func",
            "usr": "s:4Core4ViewP11bindOutputsyyF",
            "mangledName": "$s4Core4ViewP11bindOutputsyyF",
            "moduleName": "Core",
            "genericSig": "<τ_0_0 where τ_0_0 : Core.View>",
            "sugared_genericSig": "<Self where Self : Core.View>",
            "protocolReq": true,
            "declAttributes": [
              "RawDocComment"
            ],
            "reqNewWitnessTableEntry": true,
            "funcSelfKind": "NonMutating"
          },
          {
            "kind": "Function",
            "name": "bindStatelessOutputs",
            "printedName": "bindStatelessOutputs()",
            "children": [
              {
                "kind": "TypeNominal",
                "name": "Void",
                "printedName": "()"
              }
            ],
            "declKind": "Func",
            "usr": "s:4Core4ViewP20bindStatelessOutputsyyF",
            "mangledName": "$s4Core4ViewP20bindStatelessOutputsyyF",
            "moduleName": "Core",
            "genericSig": "<τ_0_0 where τ_0_0 : Core.View>",
            "sugared_genericSig": "<Self where Self : Core.View>",
            "protocolReq": true,
            "declAttributes": [
              "RawDocComment"
            ],
            "reqNewWitnessTableEntry": true,
            "funcSelfKind": "NonMutating"
          },
          {
            "kind": "Function",
            "name": "bind",
            "printedName": "bind(viewModel:)",
            "children": [
              {
                "kind": "TypeNominal",
                "name": "Void",
                "printedName": "()"
              },
              {
                "kind": "TypeNominal",
                "name": "DependentMember",
                "printedName": "τ_0_0.ViewModel"
              }
            ],
            "declKind": "Func",
            "usr": "s:4Core4ViewPAAE4bind9viewModely0bE0Qz_tF",
            "mangledName": "$s4Core4ViewPAAE4bind9viewModely0bE0Qz_tF",
            "moduleName": "Core",
            "genericSig": "<τ_0_0 where τ_0_0 : Core.View>",
            "sugared_genericSig": "<Self where Self : Core.View>",
            "isFromExtension": true,
            "funcSelfKind": "NonMutating"
          },
          {
            "kind": "Function",
            "name": "bindInputs",
            "printedName": "bindInputs()",
            "children": [
              {
                "kind": "TypeNominal",
                "name": "Void",
                "printedName": "()"
              }
            ],
            "declKind": "Func",
            "usr": "s:4Core4ViewPAAE10bindInputsyyF",
            "mangledName": "$s4Core4ViewPAAE10bindInputsyyF",
            "moduleName": "Core",
            "genericSig": "<τ_0_0 where τ_0_0 : Core.View>",
            "sugared_genericSig": "<Self where Self : Core.View>",
            "isFromExtension": true,
            "funcSelfKind": "NonMutating"
          },
          {
            "kind": "Function",
            "name": "bindOutputs",
            "printedName": "bindOutputs()",
            "children": [
              {
                "kind": "TypeNominal",
                "name": "Void",
                "printedName": "()"
              }
            ],
            "declKind": "Func",
            "usr": "s:4Core4ViewPAAE11bindOutputsyyF",
            "mangledName": "$s4Core4ViewPAAE11bindOutputsyyF",
            "moduleName": "Core",
            "genericSig": "<τ_0_0 where τ_0_0 : Core.View>",
            "sugared_genericSig": "<Self where Self : Core.View>",
            "isFromExtension": true,
            "funcSelfKind": "NonMutating"
          },
          {
            "kind": "Function",
            "name": "bindStatelessOutputs",
            "printedName": "bindStatelessOutputs()",
            "children": [
              {
                "kind": "TypeNominal",
                "name": "Void",
                "printedName": "()"
              }
            ],
            "declKind": "Func",
            "usr": "s:4Core4ViewPAAE20bindStatelessOutputsyyF",
            "mangledName": "$s4Core4ViewPAAE20bindStatelessOutputsyyF",
            "moduleName": "Core",
            "genericSig": "<τ_0_0 where τ_0_0 : Core.View>",
            "sugared_genericSig": "<Self where Self : Core.View>",
            "isFromExtension": true,
            "funcSelfKind": "NonMutating"
          }
        ],
        "declKind": "Protocol",
        "usr": "s:4Core4ViewP",
        "mangledName": "$s4Core4ViewP",
        "moduleName": "Core",
        "genericSig": "<τ_0_0 : AnyObject, τ_0_0.ViewModel : Core.AnyViewModel>",
        "sugared_genericSig": "<Self : AnyObject, Self.ViewModel : Core.AnyViewModel>",
        "declAttributes": [
          "AccessControl",
          "RawDocComment"
        ]
      },
      {
        "kind": "Import",
        "name": "Foundation",
        "printedName": "Foundation",
        "declKind": "Import",
        "moduleName": "Core",
        "declAttributes": [
          "RawDocComment"
        ]
      },
      {
        "kind": "TypeDecl",
        "name": "AnyViewModel",
        "printedName": "AnyViewModel",
        "declKind": "Protocol",
        "usr": "s:4Core12AnyViewModelP",
        "mangledName": "$s4Core12AnyViewModelP",
        "moduleName": "Core",
        "declAttributes": [
          "AccessControl",
          "RawDocComment"
        ]
      },
      {
        "kind": "TypeDecl",
        "name": "StatelessViewModel",
        "printedName": "StatelessViewModel",
        "children": [
          {
            "kind": "AssociatedType",
            "name": "StatelessInput",
            "printedName": "StatelessInput",
            "declKind": "AssociatedType",
            "usr": "s:4Core18StatelessViewModelP0B5InputQa",
            "mangledName": "$s4Core18StatelessViewModelP0B5InputQa",
            "moduleName": "Core",
            "protocolReq": true
          },
          {
            "kind": "AssociatedType",
            "name": "StatelessOutput",
            "printedName": "StatelessOutput",
            "declKind": "AssociatedType",
            "usr": "s:4Core18StatelessViewModelP0B6OutputQa",
            "mangledName": "$s4Core18StatelessViewModelP0B6OutputQa",
            "moduleName": "Core",
            "protocolReq": true
          },
          {
            "kind": "Function",
            "name": "transform",
            "printedName": "transform(input:)",
            "children": [
              {
                "kind": "TypeNominal",
                "name": "DependentMember",
                "printedName": "τ_0_0.StatelessOutput"
              },
              {
                "kind": "TypeNominal",
                "name": "DependentMember",
                "printedName": "τ_0_0.StatelessInput"
              }
            ],
            "declKind": "Func",
            "usr": "s:4Core18StatelessViewModelP9transform5input0B6OutputQz0B5InputQz_tF",
            "mangledName": "$s4Core18StatelessViewModelP9transform5input0B6OutputQz0B5InputQz_tF",
            "moduleName": "Core",
            "genericSig": "<τ_0_0 where τ_0_0 : Core.StatelessViewModel>",
            "sugared_genericSig": "<Self where Self : Core.StatelessViewModel>",
            "protocolReq": true,
            "declAttributes": [
              "RawDocComment"
            ],
            "reqNewWitnessTableEntry": true,
            "funcSelfKind": "NonMutating"
          }
        ],
        "declKind": "Protocol",
        "usr": "s:4Core18StatelessViewModelP",
        "mangledName": "$s4Core18StatelessViewModelP",
        "moduleName": "Core",
        "genericSig": "<τ_0_0 : Core.AnyViewModel>",
        "sugared_genericSig": "<Self : Core.AnyViewModel>",
        "declAttributes": [
          "AccessControl",
          "RawDocComment"
        ],
        "conformances": [
          {
            "kind": "Conformance",
            "name": "AnyViewModel",
            "printedName": "AnyViewModel",
            "usr": "s:4Core12AnyViewModelP",
            "mangledName": "$s4Core12AnyViewModelP"
          }
        ]
      },
      {
        "kind": "TypeDecl",
        "name": "StatefulViewModel",
        "printedName": "StatefulViewModel",
        "children": [
          {
            "kind": "AssociatedType",
            "name": "StatefulInput",
            "printedName": "StatefulInput",
            "declKind": "AssociatedType",
            "usr": "s:4Core17StatefulViewModelP0B5InputQa",
            "mangledName": "$s4Core17StatefulViewModelP0B5InputQa",
            "moduleName": "Core",
            "protocolReq": true
          },
          {
            "kind": "AssociatedType",
            "name": "StatefulOutput",
            "printedName": "StatefulOutput",
            "declKind": "AssociatedType",
            "usr": "s:4Core17StatefulViewModelP0B6OutputQa",
            "mangledName": "$s4Core17StatefulViewModelP0B6OutputQa",
            "moduleName": "Core",
            "protocolReq": true
          },
          {
            "kind": "AssociatedType",
            "name": "InternalState",
            "printedName": "InternalState",
            "declKind": "AssociatedType",
            "usr": "s:4Core17StatefulViewModelP13InternalStateQa",
            "mangledName": "$s4Core17StatefulViewModelP13InternalStateQa",
            "moduleName": "Core",
            "protocolReq": true
          },
          {
            "kind": "Var",
            "name": "input",
            "printedName": "input",
            "children": [
              {
                "kind": "TypeNominal",
                "name": "DependentMember",
                "printedName": "τ_0_0.StatefulInput"
              }
            ],
            "declKind": "Var",
            "usr": "s:4Core17StatefulViewModelP5input0B5InputQzvp",
            "mangledName": "$s4Core17StatefulViewModelP5input0B5InputQzvp",
            "moduleName": "Core",
            "protocolReq": true,
            "accessors": [
              {
                "kind": "Accessor",
                "name": "Get",
                "printedName": "Get()",
                "children": [
                  {
                    "kind": "TypeNominal",
                    "name": "DependentMember",
                    "printedName": "τ_0_0.StatefulInput"
                  }
                ],
                "declKind": "Accessor",
                "usr": "s:4Core17StatefulViewModelP5input0B5InputQzvg",
                "mangledName": "$s4Core17StatefulViewModelP5input0B5InputQzvg",
                "moduleName": "Core",
                "genericSig": "<τ_0_0 where τ_0_0 : Core.StatefulViewModel>",
                "sugared_genericSig": "<Self where Self : Core.StatefulViewModel>",
                "protocolReq": true,
                "reqNewWitnessTableEntry": true,
                "accessorKind": "get"
              }
            ]
          },
          {
            "kind": "Var",
            "name": "output",
            "printedName": "output",
            "children": [
              {
                "kind": "TypeNominal",
                "name": "DependentMember",
                "printedName": "τ_0_0.StatefulOutput"
              }
            ],
            "declKind": "Var",
            "usr": "s:4Core17StatefulViewModelP6output0B6OutputQzvp",
            "mangledName": "$s4Core17StatefulViewModelP6output0B6OutputQzvp",
            "moduleName": "Core",
            "protocolReq": true,
            "accessors": [
              {
                "kind": "Accessor",
                "name": "Get",
                "printedName": "Get()",
                "children": [
                  {
                    "kind": "TypeNominal",
                    "name": "DependentMember",
                    "printedName": "τ_0_0.StatefulOutput"
                  }
                ],
                "declKind": "Accessor",
                "usr": "s:4Core17StatefulViewModelP6output0B6OutputQzvg",
                "mangledName": "$s4Core17StatefulViewModelP6output0B6OutputQzvg",
                "moduleName": "Core",
                "genericSig": "<τ_0_0 where τ_0_0 : Core.StatefulViewModel>",
                "sugared_genericSig": "<Self where Self : Core.StatefulViewModel>",
                "protocolReq": true,
                "reqNewWitnessTableEntry": true,
                "accessorKind": "get"
              }
            ]
          },
          {
            "kind": "Var",
            "name": "internalState",
            "printedName": "internalState",
            "children": [
              {
                "kind": "TypeNominal",
                "name": "DependentMember",
                "printedName": "τ_0_0.InternalState"
              }
            ],
            "declKind": "Var",
            "usr": "s:4Core17StatefulViewModelP13internalState08InternalF0Qzvp",
            "mangledName": "$s4Core17StatefulViewModelP13internalState08InternalF0Qzvp",
            "moduleName": "Core",
            "protocolReq": true,
            "accessors": [
              {
                "kind": "Accessor",
                "name": "Get",
                "printedName": "Get()",
                "children": [
                  {
                    "kind": "TypeNominal",
                    "name": "DependentMember",
                    "printedName": "τ_0_0.InternalState"
                  }
                ],
                "declKind": "Accessor",
                "usr": "s:4Core17StatefulViewModelP13internalState08InternalF0Qzvg",
                "mangledName": "$s4Core17StatefulViewModelP13internalState08InternalF0Qzvg",
                "moduleName": "Core",
                "genericSig": "<τ_0_0 where τ_0_0 : Core.StatefulViewModel>",
                "sugared_genericSig": "<Self where Self : Core.StatefulViewModel>",
                "protocolReq": true,
                "reqNewWitnessTableEntry": true,
                "accessorKind": "get"
              }
            ]
          },
          {
            "kind": "Function",
            "name": "bindLogics",
            "printedName": "bindLogics()",
            "children": [
              {
                "kind": "TypeNominal",
                "name": "Void",
                "printedName": "()"
              }
            ],
            "declKind": "Func",
            "usr": "s:4Core17StatefulViewModelP10bindLogicsyyF",
            "mangledName": "$s4Core17StatefulViewModelP10bindLogicsyyF",
            "moduleName": "Core",
            "genericSig": "<τ_0_0 where τ_0_0 : Core.StatefulViewModel>",
            "sugared_genericSig": "<Self where Self : Core.StatefulViewModel>",
            "protocolReq": true,
            "declAttributes": [
              "RawDocComment"
            ],
            "reqNewWitnessTableEntry": true,
            "funcSelfKind": "NonMutating"
          },
          {
            "kind": "Function",
            "name": "binLogics",
            "printedName": "binLogics()",
            "children": [
              {
                "kind": "TypeNominal",
                "name": "Void",
                "printedName": "()"
              }
            ],
            "declKind": "Func",
            "usr": "s:4Core17StatefulViewModelPAAE9binLogicsyyF",
            "mangledName": "$s4Core17StatefulViewModelPAAE9binLogicsyyF",
            "moduleName": "Core",
            "genericSig": "<τ_0_0 where τ_0_0 : Core.StatefulViewModel>",
            "sugared_genericSig": "<Self where Self : Core.StatefulViewModel>",
            "isFromExtension": true,
            "funcSelfKind": "NonMutating"
          }
        ],
        "declKind": "Protocol",
        "usr": "s:4Core17StatefulViewModelP",
        "mangledName": "$s4Core17StatefulViewModelP",
        "moduleName": "Core",
        "genericSig": "<τ_0_0 : Core.AnyViewModel>",
        "sugared_genericSig": "<Self : Core.AnyViewModel>",
        "declAttributes": [
          "AccessControl",
          "RawDocComment"
        ],
        "conformances": [
          {
            "kind": "Conformance",
            "name": "AnyViewModel",
            "printedName": "AnyViewModel",
            "usr": "s:4Core12AnyViewModelP",
            "mangledName": "$s4Core12AnyViewModelP"
          }
        ]
      },
      {
        "kind": "Import",
        "name": "Foundation",
        "printedName": "Foundation",
        "declKind": "Import",
        "moduleName": "Core",
        "declAttributes": [
          "RawDocComment"
        ]
      },
      {
        "kind": "TypeDecl",
        "name": "ControllerType",
        "printedName": "ControllerType",
        "children": [
          {
            "kind": "AssociatedType",
            "name": "ViewModelType",
            "printedName": "ViewModelType",
            "declKind": "AssociatedType",
            "usr": "s:4Core14ControllerTypeP09ViewModelC0Qa",
            "mangledName": "$s4Core14ControllerTypeP09ViewModelC0Qa",
            "moduleName": "Core",
            "protocolReq": true
          },
          {
            "kind": "Function",
            "name": "configViewModel",
            "printedName": "configViewModel(viewModel:)",
            "children": [
              {
                "kind": "TypeNominal",
                "name": "Void",
                "printedName": "()"
              },
              {
                "kind": "TypeNominal",
                "name": "DependentMember",
                "printedName": "τ_0_0.ViewModelType"
              }
            ],
            "declKind": "Func",
            "usr": "s:4Core14ControllerTypeP15configViewModel04viewF0y0efC0Qz_tF",
            "mangledName": "$s4Core14ControllerTypeP15configViewModel04viewF0y0efC0Qz_tF",
            "moduleName": "Core",
            "genericSig": "<τ_0_0 where τ_0_0 : Core.ControllerType>",
            "sugared_genericSig": "<Self where Self : Core.ControllerType>",
            "protocolReq": true,
            "reqNewWitnessTableEntry": true,
            "funcSelfKind": "NonMutating"
          },
          {
            "kind": "Function",
            "name": "setupViews",
            "printedName": "setupViews()",
            "children": [
              {
                "kind": "TypeNominal",
                "name": "Void",
                "printedName": "()"
              }
            ],
            "declKind": "Func",
            "usr": "s:4Core14ControllerTypeP10setupViewsyyF",
            "mangledName": "$s4Core14ControllerTypeP10setupViewsyyF",
            "moduleName": "Core",
            "genericSig": "<τ_0_0 where τ_0_0 : Core.ControllerType>",
            "sugared_genericSig": "<Self where Self : Core.ControllerType>",
            "protocolReq": true,
            "reqNewWitnessTableEntry": true,
            "funcSelfKind": "NonMutating"
          },
          {
            "kind": "Function",
            "name": "bindViewModel",
            "printedName": "bindViewModel()",
            "children": [
              {
                "kind": "TypeNominal",
                "name": "Void",
                "printedName": "()"
              }
            ],
            "declKind": "Func",
            "usr": "s:4Core14ControllerTypeP13bindViewModelyyF",
            "mangledName": "$s4Core14ControllerTypeP13bindViewModelyyF",
            "moduleName": "Core",
            "genericSig": "<τ_0_0 where τ_0_0 : Core.ControllerType>",
            "sugared_genericSig": "<Self where Self : Core.ControllerType>",
            "protocolReq": true,
            "reqNewWitnessTableEntry": true,
            "funcSelfKind": "NonMutating"
          }
        ],
        "declKind": "Protocol",
        "usr": "s:4Core14ControllerTypeP",
        "mangledName": "$s4Core14ControllerTypeP",
        "moduleName": "Core",
        "declAttributes": [
          "AccessControl"
        ]
      },
      {
        "kind": "Import",
        "name": "UIKit",
        "printedName": "UIKit",
        "declKind": "Import",
        "moduleName": "Core",
        "declAttributes": [
          "RawDocComment"
        ]
      },
      {
        "kind": "TypeDecl",
        "name": "RegisDelegate",
        "printedName": "RegisDelegate",
        "children": [
          {
            "kind": "Var",
            "name": "identifier",
            "printedName": "identifier",
            "children": [
              {
                "kind": "TypeNominal",
                "name": "String",
                "printedName": "Swift.String",
                "usr": "s:SS"
              }
            ],
            "declKind": "Var",
            "usr": "s:4Core13RegisDelegateP10identifierSSvpZ",
            "mangledName": "$s4Core13RegisDelegateP10identifierSSvpZ",
            "moduleName": "Core",
            "static": true,
            "protocolReq": true,
            "accessors": [
              {
                "kind": "Accessor",
                "name": "Get",
                "printedName": "Get()",
                "children": [
                  {
                    "kind": "TypeNominal",
                    "name": "String",
                    "printedName": "Swift.String",
                    "usr": "s:SS"
                  }
                ],
                "declKind": "Accessor",
                "usr": "s:4Core13RegisDelegateP10identifierSSvgZ",
                "mangledName": "$s4Core13RegisDelegateP10identifierSSvgZ",
                "moduleName": "Core",
                "genericSig": "<τ_0_0 where τ_0_0 : Core.RegisDelegate>",
                "sugared_genericSig": "<Self where Self : Core.RegisDelegate>",
                "static": true,
                "protocolReq": true,
                "reqNewWitnessTableEntry": true,
                "accessorKind": "get"
              }
            ]
          },
          {
            "kind": "Function",
            "name": "regis",
            "printedName": "regis(identifier:)",
            "children": [
              {
                "kind": "TypeNominal",
                "name": "Void",
                "printedName": "()"
              },
              {
                "kind": "TypeNominal",
                "name": "String",
                "printedName": "Swift.String",
                "usr": "s:SS"
              }
            ],
            "declKind": "Func",
            "usr": "s:4Core13RegisDelegateP5regis10identifierySS_tFZ",
            "mangledName": "$s4Core13RegisDelegateP5regis10identifierySS_tFZ",
            "moduleName": "Core",
            "genericSig": "<τ_0_0 where τ_0_0 : Core.RegisDelegate>",
            "sugared_genericSig": "<Self where Self : Core.RegisDelegate>",
            "static": true,
            "protocolReq": true,
            "reqNewWitnessTableEntry": true,
            "funcSelfKind": "NonMutating"
          },
          {
            "kind": "Function",
            "name": "getIdentifier",
            "printedName": "getIdentifier()",
            "children": [
              {
                "kind": "TypeNominal",
                "name": "String",
                "printedName": "Swift.String",
                "usr": "s:SS"
              }
            ],
            "declKind": "Func",
            "usr": "s:4Core13RegisDelegateP13getIdentifierSSyFZ",
            "mangledName": "$s4Core13RegisDelegateP13getIdentifierSSyFZ",
            "moduleName": "Core",
            "genericSig": "<τ_0_0 where τ_0_0 : Core.RegisDelegate>",
            "sugared_genericSig": "<Self where Self : Core.RegisDelegate>",
            "static": true,
            "protocolReq": true,
            "reqNewWitnessTableEntry": true,
            "funcSelfKind": "NonMutating"
          }
        ],
        "declKind": "Protocol",
        "usr": "s:4Core13RegisDelegateP",
        "mangledName": "$s4Core13RegisDelegateP",
        "moduleName": "Core",
        "declAttributes": [
          "AccessControl"
        ]
      },
      {
        "kind": "TypeDecl",
        "name": "SCoordinator",
        "printedName": "SCoordinator",
        "children": [
          {
            "kind": "Var",
            "name": "navigationController",
            "printedName": "navigationController",
            "children": [
              {
                "kind": "TypeNominal",
                "name": "UINavigationController",
                "printedName": "UIKit.UINavigationController",
                "usr": "c:objc(cs)UINavigationController"
              }
            ],
            "declKind": "Var",
            "usr": "s:4Core12SCoordinatorC20navigationControllerSo012UINavigationD0Cvp",
            "mangledName": "$s4Core12SCoordinatorC20navigationControllerSo012UINavigationD0Cvp",
            "moduleName": "Core",
            "declAttributes": [
              "HasStorage",
              "AccessControl"
            ],
            "hasStorage": true,
            "accessors": [
              {
                "kind": "Accessor",
                "name": "Get",
                "printedName": "Get()",
                "children": [
                  {
                    "kind": "TypeNominal",
                    "name": "UINavigationController",
                    "printedName": "UIKit.UINavigationController",
                    "usr": "c:objc(cs)UINavigationController"
                  }
                ],
                "declKind": "Accessor",
                "usr": "s:4Core12SCoordinatorC20navigationControllerSo012UINavigationD0Cvg",
                "mangledName": "$s4Core12SCoordinatorC20navigationControllerSo012UINavigationD0Cvg",
                "moduleName": "Core",
                "implicit": true,
                "accessorKind": "get"
              },
              {
                "kind": "Accessor",
                "name": "Set",
                "printedName": "Set()",
                "children": [
                  {
                    "kind": "TypeNominal",
                    "name": "Void",
                    "printedName": "()"
                  },
                  {
                    "kind": "TypeNominal",
                    "name": "UINavigationController",
                    "printedName": "UIKit.UINavigationController",
                    "usr": "c:objc(cs)UINavigationController"
                  }
                ],
                "declKind": "Accessor",
                "usr": "s:4Core12SCoordinatorC20navigationControllerSo012UINavigationD0Cvs",
                "mangledName": "$s4Core12SCoordinatorC20navigationControllerSo012UINavigationD0Cvs",
                "moduleName": "Core",
                "implicit": true,
                "accessorKind": "set"
              },
              {
                "kind": "Accessor",
                "name": "Modify",
                "printedName": "Modify()",
                "children": [
                  {
                    "kind": "TypeNominal",
                    "name": "Void",
                    "printedName": "()"
                  }
                ],
                "declKind": "Accessor",
                "usr": "s:4Core12SCoordinatorC20navigationControllerSo012UINavigationD0CvM",
                "mangledName": "$s4Core12SCoordinatorC20navigationControllerSo012UINavigationD0CvM",
                "moduleName": "Core",
                "implicit": true,
                "accessorKind": "_modify"
              }
            ]
          },
          {
            "kind": "Var",
            "name": "delegate",
            "printedName": "delegate",
            "children": [
              {
                "kind": "TypeNominal",
                "name": "Optional",
                "printedName": "Core.RegisDelegate?",
                "children": [
                  {
                    "kind": "TypeNominal",
                    "name": "RegisDelegate",
                    "printedName": "Core.RegisDelegate",
                    "usr": "s:4Core13RegisDelegateP"
                  }
                ],
                "usr": "s:Sq"
              }
            ],
            "declKind": "Var",
            "usr": "s:4Core12SCoordinatorC8delegateAA13RegisDelegate_pSgvp",
            "mangledName": "$s4Core12SCoordinatorC8delegateAA13RegisDelegate_pSgvp",
            "moduleName": "Core",
            "isOpen": true,
            "declAttributes": [
              "HasInitialValue",
              "HasStorage",
              "AccessControl"
            ],
            "hasStorage": true,
            "accessors": [
              {
                "kind": "Accessor",
                "name": "Get",
                "printedName": "Get()",
                "children": [
                  {
                    "kind": "TypeNominal",
                    "name": "Optional",
                    "printedName": "Core.RegisDelegate?",
                    "children": [
                      {
                        "kind": "TypeNominal",
                        "name": "RegisDelegate",
                        "printedName": "Core.RegisDelegate",
                        "usr": "s:4Core13RegisDelegateP"
                      }
                    ],
                    "usr": "s:Sq"
                  }
                ],
                "declKind": "Accessor",
                "usr": "s:4Core12SCoordinatorC8delegateAA13RegisDelegate_pSgvg",
                "mangledName": "$s4Core12SCoordinatorC8delegateAA13RegisDelegate_pSgvg",
                "moduleName": "Core",
                "implicit": true,
                "isOpen": true,
                "accessorKind": "get"
              },
              {
                "kind": "Accessor",
                "name": "Set",
                "printedName": "Set()",
                "children": [
                  {
                    "kind": "TypeNominal",
                    "name": "Void",
                    "printedName": "()"
                  },
                  {
                    "kind": "TypeNominal",
                    "name": "Optional",
                    "printedName": "Core.RegisDelegate?",
                    "children": [
                      {
                        "kind": "TypeNominal",
                        "name": "RegisDelegate",
                        "printedName": "Core.RegisDelegate",
                        "usr": "s:4Core13RegisDelegateP"
                      }
                    ],
                    "usr": "s:Sq"
                  }
                ],
                "declKind": "Accessor",
                "usr": "s:4Core12SCoordinatorC8delegateAA13RegisDelegate_pSgvs",
                "mangledName": "$s4Core12SCoordinatorC8delegateAA13RegisDelegate_pSgvs",
                "moduleName": "Core",
                "implicit": true,
                "isOpen": true,
                "accessorKind": "set"
              },
              {
                "kind": "Accessor",
                "name": "Modify",
                "printedName": "Modify()",
                "children": [
                  {
                    "kind": "TypeNominal",
                    "name": "Void",
                    "printedName": "()"
                  }
                ],
                "declKind": "Accessor",
                "usr": "s:4Core12SCoordinatorC8delegateAA13RegisDelegate_pSgvM",
                "mangledName": "$s4Core12SCoordinatorC8delegateAA13RegisDelegate_pSgvM",
                "moduleName": "Core",
                "implicit": true,
                "isOpen": true,
                "accessorKind": "_modify"
              }
            ]
          },
          {
            "kind": "Constructor",
            "name": "init",
            "printedName": "init(navigationController:)",
            "children": [
              {
                "kind": "TypeNominal",
                "name": "SCoordinator",
                "printedName": "Core.SCoordinator",
                "usr": "s:4Core12SCoordinatorC"
              },
              {
                "kind": "TypeNominal",
                "name": "UINavigationController",
                "printedName": "UIKit.UINavigationController",
                "usr": "c:objc(cs)UINavigationController"
              }
            ],
            "declKind": "Constructor",
            "usr": "s:4Core12SCoordinatorC20navigationControllerACSo012UINavigationD0C_tcfc",
            "mangledName": "$s4Core12SCoordinatorC20navigationControllerACSo012UINavigationD0C_tcfc",
            "moduleName": "Core",
            "declAttributes": [
              "Required",
              "AccessControl"
            ],
            "init_kind": "Designated"
          },
          {
            "kind": "Function",
            "name": "start",
            "printedName": "start()",
            "children": [
              {
                "kind": "TypeNominal",
                "name": "Void",
                "printedName": "()"
              }
            ],
            "declKind": "Func",
            "usr": "s:4Core12SCoordinatorC5startyyF",
            "mangledName": "$s4Core12SCoordinatorC5startyyF",
            "moduleName": "Core",
            "isOpen": true,
            "declAttributes": [
              "AccessControl"
            ],
            "funcSelfKind": "NonMutating"
          },
          {
            "kind": "Function",
            "name": "pushTo",
            "printedName": "pushTo(viewController:)",
            "children": [
              {
                "kind": "TypeNominal",
                "name": "Void",
                "printedName": "()"
              },
              {
                "kind": "TypeNominal",
                "name": "UIViewController",
                "printedName": "UIKit.UIViewController",
                "usr": "c:objc(cs)UIViewController"
              }
            ],
            "declKind": "Func",
            "usr": "s:4Core12SCoordinatorC6pushTo14viewControllerySo06UIViewF0C_tF",
            "mangledName": "$s4Core12SCoordinatorC6pushTo14viewControllerySo06UIViewF0C_tF",
            "moduleName": "Core",
            "isOpen": true,
            "declAttributes": [
              "AccessControl"
            ],
            "funcSelfKind": "NonMutating"
          },
          {
            "kind": "Function",
            "name": "changeLastViewController",
            "printedName": "changeLastViewController(to:)",
            "children": [
              {
                "kind": "TypeNominal",
                "name": "Void",
                "printedName": "()"
              },
              {
                "kind": "TypeNominal",
                "name": "UIViewController",
                "printedName": "UIKit.UIViewController",
                "usr": "c:objc(cs)UIViewController"
              }
            ],
            "declKind": "Func",
            "usr": "s:4Core12SCoordinatorC24changeLastViewController2toySo06UIViewF0C_tF",
            "mangledName": "$s4Core12SCoordinatorC24changeLastViewController2toySo06UIViewF0C_tF",
            "moduleName": "Core",
            "isOpen": true,
            "declAttributes": [
              "AccessControl"
            ],
            "funcSelfKind": "NonMutating"
          },
          {
            "kind": "Function",
            "name": "cleanViewControllers",
            "printedName": "cleanViewControllers(to:)",
            "children": [
              {
                "kind": "TypeNominal",
                "name": "Void",
                "printedName": "()"
              },
              {
                "kind": "TypeNominal",
                "name": "UIViewController",
                "printedName": "UIKit.UIViewController",
                "usr": "c:objc(cs)UIViewController"
              }
            ],
            "declKind": "Func",
            "usr": "s:4Core12SCoordinatorC20cleanViewControllers2toySo16UIViewControllerC_tF",
            "mangledName": "$s4Core12SCoordinatorC20cleanViewControllers2toySo16UIViewControllerC_tF",
            "moduleName": "Core",
            "isOpen": true,
            "declAttributes": [
              "AccessControl"
            ],
            "funcSelfKind": "NonMutating"
          },
          {
            "kind": "Function",
            "name": "cleanStackWhenPush",
            "printedName": "cleanStackWhenPush(to:)",
            "children": [
              {
                "kind": "TypeNominal",
                "name": "Void",
                "printedName": "()"
              },
              {
                "kind": "TypeNominal",
                "name": "UIViewController",
                "printedName": "UIKit.UIViewController",
                "usr": "c:objc(cs)UIViewController"
              }
            ],
            "declKind": "Func",
            "usr": "s:4Core12SCoordinatorC18cleanStackWhenPush2toySo16UIViewControllerC_tF",
            "mangledName": "$s4Core12SCoordinatorC18cleanStackWhenPush2toySo16UIViewControllerC_tF",
            "moduleName": "Core",
            "isOpen": true,
            "declAttributes": [
              "AccessControl"
            ],
            "funcSelfKind": "NonMutating"
          },
          {
            "kind": "Function",
            "name": "isVisible",
            "printedName": "isVisible(controllerName:)",
            "children": [
              {
                "kind": "TypeNominal",
                "name": "Bool",
                "printedName": "Swift.Bool",
                "usr": "s:Sb"
              },
              {
                "kind": "TypeNominal",
                "name": "String",
                "printedName": "Swift.String",
                "usr": "s:SS"
              }
            ],
            "declKind": "Func",
            "usr": "s:4Core12SCoordinatorC9isVisible14controllerNameSbSS_tF",
            "mangledName": "$s4Core12SCoordinatorC9isVisible14controllerNameSbSS_tF",
            "moduleName": "Core",
            "isOpen": true,
            "declAttributes": [
              "AccessControl"
            ],
            "funcSelfKind": "NonMutating"
          },
          {
            "kind": "Function",
            "name": "popTo",
            "printedName": "popTo(viewController:)",
            "children": [
              {
                "kind": "TypeNominal",
                "name": "Void",
                "printedName": "()"
              },
              {
                "kind": "TypeNominal",
                "name": "Metatype",
                "printedName": "UIKit.UIViewController.Type",
                "children": [
                  {
                    "kind": "TypeNominal",
                    "name": "UIViewController",
                    "printedName": "UIKit.UIViewController",
                    "usr": "c:objc(cs)UIViewController"
                  }
                ]
              }
            ],
            "declKind": "Func",
            "usr": "s:4Core12SCoordinatorC5popTo14viewControllerySo06UIViewF0Cm_tF",
            "mangledName": "$s4Core12SCoordinatorC5popTo14viewControllerySo06UIViewF0Cm_tF",
            "moduleName": "Core",
            "isOpen": true,
            "declAttributes": [
              "AccessControl"
            ],
            "funcSelfKind": "NonMutating"
          }
        ],
        "declKind": "Class",
        "usr": "s:4Core12SCoordinatorC",
        "mangledName": "$s4Core12SCoordinatorC",
        "moduleName": "Core",
        "isOpen": true,
        "declAttributes": [
          "AccessControl"
        ]
      },
      {
        "kind": "Import",
        "name": "RxCocoa",
        "printedName": "RxCocoa",
        "declKind": "Import",
        "moduleName": "Core",
        "declAttributes": [
          "RawDocComment"
        ]
      },
      {
        "kind": "Import",
        "name": "RxSwift",
        "printedName": "RxSwift",
        "declKind": "Import",
        "moduleName": "Core"
      },
      {
        "kind": "TypeDecl",
        "name": "ErrorTracker",
        "printedName": "ErrorTracker",
        "children": [
          {
            "kind": "Constructor",
            "name": "init",
            "printedName": "init()",
            "children": [
              {
                "kind": "TypeNominal",
                "name": "ErrorTracker",
                "printedName": "Core.ErrorTracker",
                "usr": "s:4Core12ErrorTrackerC"
              }
            ],
            "declKind": "Constructor",
            "usr": "s:4Core12ErrorTrackerCACycfc",
            "mangledName": "$s4Core12ErrorTrackerCACycfc",
            "moduleName": "Core",
            "declAttributes": [
              "AccessControl"
            ],
            "init_kind": "Designated"
          },
          {
            "kind": "Function",
            "name": "asSharedSequence",
            "printedName": "asSharedSequence()",
            "children": [
              {
                "kind": "TypeNominal",
                "name": "SharedSequence",
                "printedName": "RxCocoa.SharedSequence<RxCocoa.DriverSharingStrategy, Swift.Error>",
                "children": [
                  {
                    "kind": "TypeNominal",
                    "name": "DriverSharingStrategy",
                    "printedName": "RxCocoa.DriverSharingStrategy",
                    "usr": "s:7RxCocoa21DriverSharingStrategyV"
                  },
                  {
                    "kind": "TypeNominal",
                    "name": "Error",
                    "printedName": "Swift.Error",
                    "usr": "s:s5ErrorP"
                  }
                ],
                "usr": "s:7RxCocoa14SharedSequenceV"
              }
            ],
            "declKind": "Func",
            "usr": "s:4Core12ErrorTrackerC16asSharedSequence7RxCocoa0eF0VyAE21DriverSharingStrategyVs0B0_pGyF",
            "mangledName": "$s4Core12ErrorTrackerC16asSharedSequence7RxCocoa0eF0VyAE21DriverSharingStrategyVs0B0_pGyF",
            "moduleName": "Core",
            "declAttributes": [
              "Final",
              "AccessControl"
            ],
            "funcSelfKind": "NonMutating"
          },
          {
            "kind": "Function",
            "name": "asObservable",
            "printedName": "asObservable()",
            "children": [
              {
                "kind": "TypeNominal",
                "name": "Observable",
                "printedName": "RxSwift.Observable<Swift.Error>",
                "children": [
                  {
                    "kind": "TypeNominal",
                    "name": "Error",
                    "printedName": "Swift.Error",
                    "usr": "s:s5ErrorP"
                  }
                ],
                "usr": "s:7RxSwift10ObservableC"
              }
            ],
            "declKind": "Func",
            "usr": "s:4Core12ErrorTrackerC12asObservable7RxSwift0E0Cys0B0_pGyF",
            "mangledName": "$s4Core12ErrorTrackerC12asObservable7RxSwift0E0Cys0B0_pGyF",
            "moduleName": "Core",
            "declAttributes": [
              "Final",
              "AccessControl"
            ],
            "funcSelfKind": "NonMutating"
          }
        ],
        "declKind": "Class",
        "usr": "s:4Core12ErrorTrackerC",
        "mangledName": "$s4Core12ErrorTrackerC",
        "moduleName": "Core",
        "declAttributes": [
          "Final",
          "AccessControl"
        ],
        "conformances": [
          {
            "kind": "Conformance",
            "name": "SharedSequenceConvertibleType",
            "printedName": "SharedSequenceConvertibleType",
            "children": [
              {
                "kind": "TypeWitness",
                "name": "SharingStrategy",
                "printedName": "SharingStrategy",
                "children": [
                  {
                    "kind": "TypeNominal",
                    "name": "DriverSharingStrategy",
                    "printedName": "RxCocoa.DriverSharingStrategy",
                    "usr": "s:7RxCocoa21DriverSharingStrategyV"
                  }
                ]
              }
            ],
            "usr": "s:7RxCocoa29SharedSequenceConvertibleTypeP",
            "mangledName": "$s7RxCocoa29SharedSequenceConvertibleTypeP"
          },
          {
            "kind": "Conformance",
            "name": "ObservableConvertibleType",
            "printedName": "ObservableConvertibleType",
            "children": [
              {
                "kind": "TypeWitness",
                "name": "Element",
                "printedName": "Element",
                "children": [
                  {
                    "kind": "TypeNominal",
                    "name": "Error",
                    "printedName": "Swift.Error",
                    "usr": "s:s5ErrorP"
                  }
                ]
              }
            ],
            "usr": "s:7RxSwift25ObservableConvertibleTypeP",
            "mangledName": "$s7RxSwift25ObservableConvertibleTypeP"
          }
        ]
      },
      {
        "kind": "Import",
        "name": "Foundation",
        "printedName": "Foundation",
        "declKind": "Import",
        "moduleName": "Core",
        "declAttributes": [
          "RawDocComment"
        ]
      },
      {
        "kind": "TypeDecl",
        "name": "OrientationProtocol",
        "printedName": "OrientationProtocol",
        "children": [
          {
            "kind": "Var",
            "name": "screenOrientationMask",
            "printedName": "screenOrientationMask",
            "children": [
              {
                "kind": "TypeNominal",
                "name": "UIInterfaceOrientationMask",
                "printedName": "UIKit.UIInterfaceOrientationMask",
                "usr": "c:@E@UIInterfaceOrientationMask"
              }
            ],
            "declKind": "Var",
            "usr": "s:4Core19OrientationProtocolP06screenB4MaskSo011UIInterfacebE0Vvp",
            "mangledName": "$s4Core19OrientationProtocolP06screenB4MaskSo011UIInterfacebE0Vvp",
            "moduleName": "Core",
            "protocolReq": true,
            "accessors": [
              {
                "kind": "Accessor",
                "name": "Get",
                "printedName": "Get()",
                "children": [
                  {
                    "kind": "TypeNominal",
                    "name": "UIInterfaceOrientationMask",
                    "printedName": "UIKit.UIInterfaceOrientationMask",
                    "usr": "c:@E@UIInterfaceOrientationMask"
                  }
                ],
                "declKind": "Accessor",
                "usr": "s:4Core19OrientationProtocolP06screenB4MaskSo011UIInterfacebE0Vvg",
                "mangledName": "$s4Core19OrientationProtocolP06screenB4MaskSo011UIInterfacebE0Vvg",
                "moduleName": "Core",
                "genericSig": "<τ_0_0 where τ_0_0 : Core.OrientationProtocol>",
                "sugared_genericSig": "<Self where Self : Core.OrientationProtocol>",
                "protocolReq": true,
                "reqNewWitnessTableEntry": true,
                "accessorKind": "get"
              }
            ]
          }
        ],
        "declKind": "Protocol",
        "usr": "s:4Core19OrientationProtocolP",
        "mangledName": "$s4Core19OrientationProtocolP",
        "moduleName": "Core",
        "genericSig": "<τ_0_0 : AnyObject>",
        "sugared_genericSig": "<Self : AnyObject>",
        "declAttributes": [
          "AccessControl"
        ]
      },
      {
        "kind": "Import",
        "name": "Foundation",
        "printedName": "Foundation",
        "declKind": "Import",
        "moduleName": "Core",
        "declAttributes": [
          "RawDocComment"
        ]
      },
      {
        "kind": "TypeDecl",
        "name": "ViewModelType",
        "printedName": "ViewModelType",
        "children": [
          {
            "kind": "AssociatedType",
            "name": "Input",
            "printedName": "Input",
            "declKind": "AssociatedType",
            "usr": "s:4Core13ViewModelTypeP5InputQa",
            "mangledName": "$s4Core13ViewModelTypeP5InputQa",
            "moduleName": "Core",
            "protocolReq": true
          },
          {
            "kind": "AssociatedType",
            "name": "Output",
            "printedName": "Output",
            "declKind": "AssociatedType",
            "usr": "s:4Core13ViewModelTypeP6OutputQa",
            "mangledName": "$s4Core13ViewModelTypeP6OutputQa",
            "moduleName": "Core",
            "protocolReq": true
          },
          {
            "kind": "Var",
            "name": "input",
            "printedName": "input",
            "children": [
              {
                "kind": "TypeNominal",
                "name": "DependentMember",
                "printedName": "τ_0_0.Input"
              }
            ],
            "declKind": "Var",
            "usr": "s:4Core13ViewModelTypeP5input5InputQzvp",
            "mangledName": "$s4Core13ViewModelTypeP5input5InputQzvp",
            "moduleName": "Core",
            "protocolReq": true,
            "accessors": [
              {
                "kind": "Accessor",
                "name": "Get",
                "printedName": "Get()",
                "children": [
                  {
                    "kind": "TypeNominal",
                    "name": "DependentMember",
                    "printedName": "τ_0_0.Input"
                  }
                ],
                "declKind": "Accessor",
                "usr": "s:4Core13ViewModelTypeP5input5InputQzvg",
                "mangledName": "$s4Core13ViewModelTypeP5input5InputQzvg",
                "moduleName": "Core",
                "genericSig": "<τ_0_0 where τ_0_0 : Core.ViewModelType>",
                "sugared_genericSig": "<Self where Self : Core.ViewModelType>",
                "protocolReq": true,
                "reqNewWitnessTableEntry": true,
                "accessorKind": "get"
              }
            ]
          },
          {
            "kind": "Var",
            "name": "output",
            "printedName": "output",
            "children": [
              {
                "kind": "TypeNominal",
                "name": "DependentMember",
                "printedName": "τ_0_0.Output"
              }
            ],
            "declKind": "Var",
            "usr": "s:4Core13ViewModelTypeP6output6OutputQzvp",
            "mangledName": "$s4Core13ViewModelTypeP6output6OutputQzvp",
            "moduleName": "Core",
            "protocolReq": true,
            "accessors": [
              {
                "kind": "Accessor",
                "name": "Get",
                "printedName": "Get()",
                "children": [
                  {
                    "kind": "TypeNominal",
                    "name": "DependentMember",
                    "printedName": "τ_0_0.Output"
                  }
                ],
                "declKind": "Accessor",
                "usr": "s:4Core13ViewModelTypeP6output6OutputQzvg",
                "mangledName": "$s4Core13ViewModelTypeP6output6OutputQzvg",
                "moduleName": "Core",
                "genericSig": "<τ_0_0 where τ_0_0 : Core.ViewModelType>",
                "sugared_genericSig": "<Self where Self : Core.ViewModelType>",
                "protocolReq": true,
                "reqNewWitnessTableEntry": true,
                "accessorKind": "get"
              }
            ]
          }
        ],
        "declKind": "Protocol",
        "usr": "s:4Core13ViewModelTypeP",
        "mangledName": "$s4Core13ViewModelTypeP",
        "moduleName": "Core",
        "declAttributes": [
          "AccessControl"
        ]
      },
      {
        "kind": "TypeDecl",
        "name": "ObservableConvertibleType",
        "printedName": "ObservableConvertibleType",
        "children": [
          {
            "kind": "Function",
            "name": "trackActivity",
            "printedName": "trackActivity(_:)",
            "children": [
              {
                "kind": "TypeNominal",
                "name": "Observable",
                "printedName": "RxSwift.Observable<τ_0_0.Element>",
                "children": [
                  {
                    "kind": "TypeNominal",
                    "name": "DependentMember",
                    "printedName": "τ_0_0.Element"
                  }
                ],
                "usr": "s:7RxSwift10ObservableC"
              },
              {
                "kind": "TypeNominal",
                "name": "ActivityIndicator",
                "printedName": "Core.ActivityIndicator",
                "usr": "s:4Core17ActivityIndicatorC"
              }
            ],
            "declKind": "Func",
            "usr": "s:7RxSwift25ObservableConvertibleTypeP4CoreE13trackActivityyAA0C0Cy7ElementQzGAD0H9IndicatorCF",
            "mangledName": "$s7RxSwift25ObservableConvertibleTypeP4CoreE13trackActivityyAA0C0Cy7ElementQzGAD0H9IndicatorCF",
            "moduleName": "Core",
            "genericSig": "<τ_0_0 where τ_0_0 : RxSwift.ObservableConvertibleType>",
            "sugared_genericSig": "<Self where Self : RxSwift.ObservableConvertibleType>",
            "declAttributes": [
              "AccessControl"
            ],
            "isFromExtension": true,
            "funcSelfKind": "NonMutating"
          },
          {
            "kind": "Function",
            "name": "track",
            "printedName": "track(_:error:)",
            "children": [
              {
                "kind": "TypeNominal",
                "name": "Observable",
                "printedName": "RxSwift.Observable<τ_0_0.Element>",
                "children": [
                  {
                    "kind": "TypeNominal",
                    "name": "DependentMember",
                    "printedName": "τ_0_0.Element"
                  }
                ],
                "usr": "s:7RxSwift10ObservableC"
              },
              {
                "kind": "TypeNominal",
                "name": "ActivityIndicator",
                "printedName": "Core.ActivityIndicator",
                "usr": "s:4Core17ActivityIndicatorC"
              },
              {
                "kind": "TypeNominal",
                "name": "ErrorTracker",
                "printedName": "Core.ErrorTracker",
                "usr": "s:4Core12ErrorTrackerC"
              }
            ],
            "declKind": "Func",
            "usr": "s:7RxSwift25ObservableConvertibleTypeP4CoreE5track_5errorAA0C0Cy7ElementQzGAD17ActivityIndicatorC_AD12ErrorTrackerCtF",
            "mangledName": "$s7RxSwift25ObservableConvertibleTypeP4CoreE5track_5errorAA0C0Cy7ElementQzGAD17ActivityIndicatorC_AD12ErrorTrackerCtF",
            "moduleName": "Core",
            "genericSig": "<τ_0_0 where τ_0_0 : RxSwift.ObservableConvertibleType>",
            "sugared_genericSig": "<Self where Self : RxSwift.ObservableConvertibleType>",
            "declAttributes": [
              "AccessControl"
            ],
            "isFromExtension": true,
            "funcSelfKind": "NonMutating"
          },
          {
            "kind": "Function",
            "name": "trackError",
            "printedName": "trackError(_:)",
            "children": [
              {
                "kind": "TypeNominal",
                "name": "Observable",
                "printedName": "RxSwift.Observable<τ_0_0.Element>",
                "children": [
                  {
                    "kind": "TypeNominal",
                    "name": "DependentMember",
                    "printedName": "τ_0_0.Element"
                  }
                ],
                "usr": "s:7RxSwift10ObservableC"
              },
              {
                "kind": "TypeNominal",
                "name": "ErrorTracker",
                "printedName": "Core.ErrorTracker",
                "usr": "s:4Core12ErrorTrackerC"
              }
            ],
            "declKind": "Func",
            "usr": "s:7RxSwift25ObservableConvertibleTypeP4CoreE10trackErroryAA0C0Cy7ElementQzGAD0H7TrackerCF",
            "mangledName": "$s7RxSwift25ObservableConvertibleTypeP4CoreE10trackErroryAA0C0Cy7ElementQzGAD0H7TrackerCF",
            "moduleName": "Core",
            "genericSig": "<τ_0_0 where τ_0_0 : RxSwift.ObservableConvertibleType>",
            "sugared_genericSig": "<Self where Self : RxSwift.ObservableConvertibleType>",
            "isFromExtension": true,
            "funcSelfKind": "NonMutating"
          }
        ],
        "declKind": "Protocol",
        "usr": "s:7RxSwift25ObservableConvertibleTypeP",
        "mangledName": "$s7RxSwift25ObservableConvertibleTypeP",
        "moduleName": "RxSwift",
        "isExternal": true
      },
      {
        "kind": "TypeDecl",
        "name": "PrimitiveSequenceType",
        "printedName": "PrimitiveSequenceType",
        "children": [
          {
            "kind": "Function",
            "name": "trackActivity",
            "printedName": "trackActivity(_:)",
            "children": [
              {
                "kind": "TypeNominal",
                "name": "PrimitiveSequence",
                "printedName": "RxSwift.PrimitiveSequence<RxSwift.SingleTrait, τ_0_0.Element>",
                "children": [
                  {
                    "kind": "TypeNominal",
                    "name": "SingleTrait",
                    "printedName": "RxSwift.SingleTrait",
                    "usr": "s:7RxSwift11SingleTraitO"
                  },
                  {
                    "kind": "TypeNominal",
                    "name": "DependentMember",
                    "printedName": "τ_0_0.Element"
                  }
                ],
                "usr": "s:7RxSwift17PrimitiveSequenceV"
              },
              {
                "kind": "TypeNominal",
                "name": "ActivityIndicator",
                "printedName": "Core.ActivityIndicator",
                "usr": "s:4Core17ActivityIndicatorC"
              }
            ],
            "declKind": "Func",
            "usr": "s:7RxSwift21PrimitiveSequenceTypeP4CoreAA11SingleTraitO0H0RtzrlE13trackActivityyAA0cD0VyAF7ElementQzGAD0J9IndicatorCF",
            "mangledName": "$s7RxSwift21PrimitiveSequenceTypeP4CoreAA11SingleTraitO0H0RtzrlE13trackActivityyAA0cD0VyAF7ElementQzGAD0J9IndicatorCF",
            "moduleName": "Core",
            "genericSig": "<τ_0_0 where τ_0_0 : RxSwift.PrimitiveSequenceType, τ_0_0.Trait == RxSwift.SingleTrait>",
            "sugared_genericSig": "<Self where Self : RxSwift.PrimitiveSequenceType, Self.Trait == RxSwift.SingleTrait>",
            "declAttributes": [
              "AccessControl"
            ],
            "isFromExtension": true,
            "funcSelfKind": "NonMutating"
          }
        ],
        "declKind": "Protocol",
        "usr": "s:7RxSwift21PrimitiveSequenceTypeP",
        "mangledName": "$s7RxSwift21PrimitiveSequenceTypeP",
        "moduleName": "RxSwift",
        "isExternal": true
      }
    ],
    "json_format_version": 8
  },
  "ConstValues": [
    {
      "filePath": "\/Users\/maxilinn\/Desktop\/desk\/SampleFrameWork\/Pods\/Core\/Core\/Base\/ActivityIndicator.swift",
      "kind": "IntegerLiteral",
      "offset": 337,
      "length": 1,
      "value": "0"
    }
  ]
}